1.0,1.0,217.0,206.8234,3.6833860874176025,
1.0,2.0,218.0,210.1158,4.6772706508636475,
1.0,3.0,218.0,212.6024,5.5398523807525635,
1.0,4.0,218.0,214.5294,7.916115999221802,
1.0,5.0,221.0,216.1984,9.145051002502441,
1.0,6.0,221.0,216.9588,14.434191703796387,
1.0,7.0,222.0,217.4622,19.360552310943604,
1.0,8.0,222.0,218.0736,12.420234680175781,
1.0,9.0,224.0,218.8322,13.09538984298706,
1.0,10.0,225.0,220.118,13.81863021850586,
1.0,11.0,225.0,220.928,13.645558595657349,
1.0,12.0,225.0,221.4462,14.358920812606812,
1.0,13.0,226.0,222.2488,15.505940914154053,
1.0,14.0,226.0,223.287,17.067636251449585,
1.0,15.0,227.0,224.2572,19.516379833221436,
1.0,16.0,227.0,224.8382,20.390539169311523,
1.0,17.0,228.0,225.2254,21.653998851776123,
1.0,18.0,228.0,225.7678,22.780256032943726,
1.0,19.0,229.0,226.0418,23.634833574295044,
1.0,20.0,229.0,226.5952,24.875879764556885,
1.0,21.0,230.0,226.92,30.856672763824463,
1.0,22.0,230.0,227.3652,28.285533905029297,
1.0,23.0,231.0,227.9492,28.68571662902832,
1.0,24.0,231.0,228.4218,29.964494943618774,
1.0,25.0,231.0,228.8318,30.26127600669861,
1.0,26.0,231.0,229.1838,31.99033284187317,
1.0,27.0,232.0,229.7618,32.62981605529785,
1.0,28.0,232.0,230.204,38.68808102607727,
1.0,29.0,232.0,230.6778,35.61020469665527,
1.0,30.0,232.0,230.7786,36.83106517791748,
1.0,31.0,233.0,230.9226,37.95006203651428,
1.0,32.0,233.0,231.4038,38.73012328147888,
1.0,33.0,233.0,231.6984,41.61480712890625,
1.0,34.0,233.0,231.8204,45.46644949913025,
1.0,35.0,233.0,232.1186,41.79686760902405,
1.0,36.0,234.0,232.5952,41.23704504966736,
1.0,37.0,235.0,232.7028,41.363791704177856,
1.0,38.0,235.0,232.7228,42.93081736564636,
1.0,39.0,235.0,232.7692,49.91132211685181,
1.0,40.0,235.0,232.8176,63.46324920654297,
,,,,,235.0
2.0,1.0,218.0,206.9966,7.754687070846558,
2.0,2.0,219.0,210.2694,5.76384425163269,
2.0,3.0,219.0,213.131,5.527273178100586,
2.0,4.0,220.0,215.879,8.260087966918945,
2.0,5.0,221.0,217.5486,7.975203275680542,
2.0,6.0,221.0,218.0516,8.875652074813843,
2.0,7.0,222.0,218.7138,10.362178325653076,
2.0,8.0,223.0,219.5296,11.74110221862793,
2.0,9.0,223.0,220.0674,14.53489899635315,
2.0,10.0,224.0,220.6868,23.78005623817444,
2.0,11.0,225.0,221.2546,14.510731220245361,
2.0,12.0,226.0,221.8972,15.665765285491943,
2.0,13.0,226.0,222.4738,16.521129846572876,
2.0,14.0,227.0,223.0176,16.87357449531555,
2.0,15.0,227.0,223.6254,18.277035236358643,
2.0,16.0,228.0,224.473,19.232983827590942,
2.0,17.0,228.0,225.2826,25.56264042854309,
2.0,18.0,229.0,225.938,28.1899356842041,
2.0,19.0,229.0,226.5146,24.50476384162903,
2.0,20.0,230.0,227.0622,31.899943590164185,
2.0,21.0,230.0,227.648,37.96050500869751,
2.0,22.0,230.0,228.1758,32.42499804496765,
2.0,23.0,230.0,228.774,35.773067474365234,
2.0,24.0,230.0,229.189,31.9002468585968,
2.0,25.0,231.0,229.6614,37.755382776260376,
2.0,26.0,231.0,229.7396,52.600507497787476,
2.0,27.0,232.0,229.762,53.70008301734924,
2.0,28.0,232.0,229.8732,83.8699848651886,
2.0,29.0,232.0,230.2364,76.84493708610535,
2.0,30.0,232.0,230.6846,37.21507453918457,
2.0,31.0,232.0,230.7896,35.58597278594971,
2.0,32.0,232.0,231.0348,36.02295994758606,
2.0,33.0,232.0,231.509,64.72164726257324,
2.0,34.0,232.0,231.7202,39.40449404716492,
2.0,35.0,232.0,231.6996,40.193780183792114,
2.0,36.0,232.0,231.7168,40.71958136558533,
2.0,37.0,232.0,231.7256,41.631659507751465,
2.0,38.0,232.0,231.7002,42.317042112350464,
2.0,39.0,232.0,231.7186,44.137269020080566,
2.0,40.0,232.0,231.6842,44.66652774810791,
,,,,,232.0
3.0,1.0,219.0,207.0112,3.190261125564575,
3.0,2.0,219.0,210.2546,4.126555681228638,
3.0,3.0,219.0,212.8954,5.179139852523804,
3.0,4.0,220.0,215.1342,6.370142936706543,
3.0,5.0,223.0,216.7812,7.2715232372283936,
3.0,6.0,223.0,217.7574,8.435476303100586,
3.0,7.0,223.0,218.7606,9.426009893417358,
3.0,8.0,224.0,219.2052,10.473274230957031,
3.0,9.0,225.0,220.1084,15.233242988586426,
3.0,10.0,225.0,221.3434,13.177803039550781,
3.0,11.0,226.0,222.4654,13.31583833694458,
3.0,12.0,227.0,223.049,14.783113956451416,
3.0,13.0,228.0,223.7978,16.16409134864807,
3.0,14.0,228.0,224.7616,17.134828090667725,
3.0,15.0,228.0,225.2202,18.14232587814331,
3.0,16.0,229.0,226.0978,19.39636206626892,
3.0,17.0,230.0,226.966,20.67016625404358,
3.0,18.0,230.0,227.4882,21.079649925231934,
3.0,19.0,231.0,227.8072,27.851418018341064,
3.0,20.0,231.0,228.1678,26.582546710968018,
3.0,21.0,232.0,228.9114,25.862953662872314,
3.0,22.0,232.0,229.6318,26.718915462493896,
3.0,23.0,232.0,229.9844,26.600828170776367,
3.0,24.0,234.0,230.4588,27.65678071975708,
3.0,25.0,234.0,230.9052,29.77027130126953,
3.0,26.0,234.0,231.3196,29.832683324813843,
3.0,27.0,234.0,231.7898,31.45855975151062,
3.0,28.0,234.0,232.0922,33.46394681930542,
3.0,29.0,235.0,232.8754,34.70214605331421,
3.0,30.0,235.0,233.6482,35.07355880737305,
3.0,31.0,235.0,233.7324,36.23567295074463,
3.0,32.0,235.0,233.8558,37.34490466117859,
3.0,33.0,235.0,234.2276,37.57384729385376,
3.0,34.0,236.0,234.6742,36.96563386917114,
3.0,35.0,236.0,234.6986,39.65051770210266,
3.0,36.0,236.0,234.7082,41.36423444747925,
3.0,37.0,236.0,234.772,42.077115535736084,
3.0,38.0,236.0,234.967,44.1230628490448,
3.0,39.0,236.0,235.469,45.016547441482544,
3.0,40.0,236.0,235.68,49.64516878128052,
,,,,,236.0
4.0,1.0,217.0,206.927,3.429450511932373,
4.0,2.0,217.0,210.2182,4.313103675842285,
4.0,3.0,220.0,212.8464,5.566177845001221,
4.0,4.0,220.0,214.8038,7.086554765701294,
4.0,5.0,221.0,215.8806,7.899241209030151,
4.0,6.0,222.0,216.758,8.884670972824097,
4.0,7.0,222.0,217.634,9.729472637176514,
4.0,8.0,224.0,219.0942,10.670867204666138,
4.0,9.0,224.0,219.9742,11.10448169708252,
4.0,10.0,225.0,220.5274,12.407338857650757,
4.0,11.0,225.0,221.3812,14.190573453903198,
4.0,12.0,225.0,222.0538,15.38281798362732,
4.0,13.0,226.0,222.8632,15.866844415664673,
4.0,14.0,227.0,223.7698,18.297069787979126,
4.0,15.0,227.0,224.159,18.736014127731323,
4.0,16.0,227.0,224.7292,19.245239734649658,
4.0,17.0,227.0,225.1812,20.463916540145874,
4.0,18.0,228.0,225.8188,20.714277029037476,
4.0,19.0,228.0,226.4004,22.493997812271118,
4.0,20.0,228.0,226.7056,23.277591466903687,
4.0,21.0,228.0,226.832,25.237065315246582,
4.0,22.0,228.0,227.155,25.243430376052856,
4.0,23.0,230.0,227.6472,26.28462266921997,
4.0,24.0,230.0,227.7338,28.791184663772583,
4.0,25.0,230.0,227.7406,27.29526138305664,
4.0,26.0,230.0,227.842,28.089393615722656,
4.0,27.0,230.0,228.0848,29.436686038970947,
4.0,28.0,230.0,228.8514,29.58414363861084,
4.0,29.0,230.0,229.5902,30.78595209121704,
4.0,30.0,230.0,229.7134,32.155991077423096,
4.0,31.0,230.0,229.7358,31.853266954421997,
4.0,32.0,230.0,229.722,42.03775715827942,
4.0,33.0,230.0,229.7044,35.512375831604004,
4.0,34.0,230.0,229.7082,36.920408487319946,
4.0,35.0,230.0,229.7076,36.668532609939575,
4.0,36.0,230.0,229.74,40.67534637451172,
4.0,37.0,230.0,229.7128,42.893184661865234,
4.0,38.0,230.0,229.7112,44.56231951713562,
4.0,39.0,230.0,229.7098,45.516281604766846,
4.0,40.0,230.0,229.7052,47.67620587348938,
,,,,,230.0
5.0,1.0,216.0,206.757,2.9615564346313477,
5.0,2.0,217.0,209.9748,4.089768171310425,
5.0,3.0,218.0,212.54,4.763141870498657,
5.0,4.0,219.0,214.4234,5.930357933044434,
5.0,5.0,220.0,215.5474,6.836537837982178,
5.0,6.0,220.0,216.2306,8.153664112091064,
5.0,7.0,220.0,217.0672,9.190484762191772,
5.0,8.0,222.0,217.8798,10.083165168762207,
5.0,9.0,222.0,218.5164,10.592509269714355,
5.0,10.0,223.0,219.277,11.798483848571777,
5.0,11.0,225.0,219.9526,12.862689018249512,
5.0,12.0,225.0,220.7076,13.759448051452637,
5.0,13.0,228.0,221.6574,14.706350803375244,
5.0,14.0,228.0,222.259,15.879024267196655,
5.0,15.0,228.0,223.2978,16.56230139732361,
5.0,16.0,230.0,224.5526,17.889383554458618,
5.0,17.0,230.0,225.6094,23.801177501678467,
5.0,18.0,230.0,227.0642,20.57202386856079,
5.0,19.0,231.0,227.8624,21.641480207443237,
5.0,20.0,232.0,228.4174,21.75313663482666,
5.0,21.0,232.0,229.4106,22.89218258857727,
5.0,22.0,232.0,229.7988,24.171422958374023,
5.0,23.0,232.0,230.1364,24.833789587020874,
5.0,24.0,234.0,230.8616,25.61594557762146,
5.0,25.0,234.0,231.5526,27.43752956390381,
5.0,26.0,234.0,231.7488,28.279215812683105,
5.0,27.0,235.0,231.8422,29.042452812194824,
5.0,28.0,235.0,232.2056,31.07541823387146,
5.0,29.0,235.0,232.9652,31.26295256614685,
5.0,30.0,235.0,233.6008,32.92026710510254,
5.0,31.0,235.0,233.8448,32.184120655059814,
5.0,32.0,235.0,234.1604,34.33899760246277,
5.0,33.0,235.0,234.5852,34.79646301269531,
5.0,34.0,235.0,234.6754,37.26890516281128,
5.0,35.0,235.0,234.6858,37.27210569381714,
5.0,36.0,235.0,234.678,39.09102416038513,
5.0,37.0,235.0,234.6972,41.02768611907959,
5.0,38.0,237.0,234.7192,43.303595781326294,
5.0,39.0,237.0,234.6818,41.12728977203369,
5.0,40.0,237.0,234.7076,41.88796901702881,
,,,,,237.0
6.0,1.0,218.0,206.7642,3.023305892944336,
6.0,2.0,218.0,209.9196,4.158032178878784,
6.0,3.0,219.0,212.5914,5.3683788776397705,
6.0,4.0,220.0,214.8346,6.047886371612549,
6.0,5.0,220.0,216.484,7.129688501358032,
6.0,6.0,222.0,217.7626,8.269551038742065,
6.0,7.0,222.0,218.4192,9.060390710830688,
6.0,8.0,222.0,219.083,10.057071685791016,
6.0,9.0,223.0,219.8144,10.961237907409668,
6.0,10.0,223.0,220.4378,11.919105052947998,
6.0,11.0,224.0,221.1504,13.705849885940552,
6.0,12.0,225.0,221.7394,16.12546992301941,
6.0,13.0,225.0,222.1834,15.040761947631836,
6.0,14.0,226.0,222.732,16.089115619659424,
6.0,15.0,226.0,223.0956,16.666912317276,
6.0,16.0,226.0,223.6946,17.61721706390381,
6.0,17.0,227.0,224.2144,19.056440353393555,
6.0,18.0,228.0,224.8076,19.67026114463806,
6.0,19.0,228.0,225.245,20.97458505630493,
6.0,20.0,229.0,225.7494,21.360636234283447,
6.0,21.0,229.0,226.0348,22.592336654663086,
6.0,22.0,229.0,226.5756,24.267949104309082,
6.0,23.0,229.0,227.2238,25.223927974700928,
6.0,24.0,229.0,227.8396,26.91870093345642,
6.0,25.0,230.0,228.3322,27.528396368026733,
6.0,26.0,230.0,228.7022,28.79357147216797,
6.0,27.0,230.0,228.766,28.56292486190796,
6.0,28.0,230.0,228.8374,30.452330589294434,
6.0,29.0,231.0,229.1706,30.2301664352417,
6.0,30.0,231.0,229.6312,34.363966941833496,
6.0,31.0,231.0,229.7412,32.40821027755737,
6.0,32.0,231.0,229.771,34.04973554611206,
6.0,33.0,231.0,229.9256,34.22315001487732,
6.0,34.0,231.0,230.2882,35.51308727264404,
6.0,35.0,233.0,230.6794,36.617345571517944,
6.0,36.0,233.0,230.7432,38.6409866809845,
6.0,37.0,233.0,230.7594,38.975595235824585,
6.0,38.0,233.0,230.8668,40.70527958869934,
6.0,39.0,233.0,231.291,41.14020347595215,
6.0,40.0,234.0,232.1758,44.46205472946167,
,,,,,234.0
7.0,1.0,218.0,207.1012,2.9086008071899414,
7.0,2.0,218.0,210.4718,4.072517156600952,
7.0,3.0,219.0,213.1866,5.113215684890747,
7.0,4.0,221.0,215.216,6.371699810028076,
7.0,5.0,221.0,216.597,7.072340965270996,
7.0,6.0,222.0,217.2354,7.968513250350952,
7.0,7.0,223.0,217.943,8.771425485610962,
7.0,8.0,223.0,218.7532,9.820590257644653,
7.0,9.0,225.0,219.9356,10.74001407623291,
7.0,10.0,225.0,220.9684,11.31550145149231,
7.0,11.0,225.0,221.5868,14.013213872909546,
7.0,12.0,227.0,222.4816,14.186946153640747,
7.0,13.0,229.0,223.3212,15.3297119140625,
7.0,14.0,229.0,224.3598,15.775842905044556,
7.0,15.0,229.0,225.055,17.27614736557007,
7.0,16.0,231.0,225.774,18.18225860595703,
7.0,17.0,231.0,227.0764,18.667690992355347,
7.0,18.0,232.0,228.2516,19.092607259750366,
7.0,19.0,234.0,229.0564,20.614113092422485,
7.0,20.0,234.0,229.7954,22.03158950805664,
7.0,21.0,234.0,230.6664,22.679126501083374,
7.0,22.0,234.0,230.9176,23.632861375808716,
7.0,23.0,234.0,231.4626,24.900794506072998,
7.0,24.0,234.0,232.4214,26.060360431671143,
7.0,25.0,234.0,233.4052,25.802494764328003,
7.0,26.0,234.0,233.682,27.69168186187744,
7.0,27.0,234.0,233.7,29.33534860610962,
7.0,28.0,234.0,233.6986,29.354706287384033,
7.0,29.0,234.0,233.7134,29.274353504180908,
7.0,30.0,234.0,233.738,33.8210666179657,
7.0,31.0,234.0,233.7354,34.47230553627014,
7.0,32.0,234.0,233.7022,33.99093818664551,
7.0,33.0,234.0,233.6964,33.63818097114563,
7.0,34.0,234.0,233.6962,34.93913006782532,
7.0,35.0,234.0,233.7178,41.886282205581665,
7.0,36.0,234.0,233.7026,38.85664677619934,
7.0,37.0,234.0,233.7184,37.61546754837036,
7.0,38.0,234.0,233.7212,40.87944984436035,
7.0,39.0,234.0,233.7144,41.70718169212341,
7.0,40.0,234.0,233.6998,43.04228663444519,
,,,,,234.0
8.0,1.0,216.0,206.9216,3.0777459144592285,
8.0,2.0,216.0,210.2348,4.079064607620239,
8.0,3.0,218.0,212.5036,5.175656080245972,
8.0,4.0,218.0,214.2804,6.032476902008057,
8.0,5.0,220.0,215.3994,7.304580211639404,
8.0,6.0,220.0,216.0508,7.398869514465332,
8.0,7.0,221.0,216.6666,8.776700973510742,
8.0,8.0,222.0,217.5468,10.241411209106445,
8.0,9.0,222.0,218.4862,11.232329368591309,
8.0,10.0,222.0,219.439,16.154508113861084,
8.0,11.0,223.0,220.0622,15.205808401107788,
8.0,12.0,224.0,220.6682,14.271999597549438,
8.0,13.0,225.0,221.4966,15.294002294540405,
8.0,14.0,225.0,221.9948,14.579037189483643,
8.0,15.0,226.0,222.5302,14.853958368301392,
8.0,16.0,227.0,223.228,15.605050802230835,
8.0,17.0,227.0,223.853,16.614002466201782,
8.0,18.0,228.0,224.347,17.75705075263977,
8.0,19.0,228.0,225.0022,18.757998943328857,
8.0,20.0,230.0,225.6918,19.9000084400177,
8.0,21.0,230.0,226.3448,20.336050987243652,
8.0,22.0,230.0,227.054,22.023988485336304,
8.0,23.0,232.0,227.6592,22.545045375823975,
8.0,24.0,232.0,228.1634,22.846001863479614,
8.0,25.0,232.0,229.008,24.375999927520752,
8.0,26.0,232.0,229.7812,25.507020711898804,
8.0,27.0,234.0,230.1876,26.911000728607178,
8.0,28.0,234.0,231.1242,27.5481059551239,
8.0,29.0,234.0,231.7014,27.5440034866333,
8.0,30.0,234.0,231.8244,28.431999921798706,
8.0,31.0,235.0,232.143,29.308004140853882,
8.0,32.0,235.0,232.9942,36.95631408691406,
8.0,33.0,236.0,233.6818,35.24848771095276,
8.0,34.0,236.0,233.7646,35.682214975357056,
8.0,35.0,237.0,233.9952,35.74321508407593,
8.0,36.0,237.0,234.5576,37.47472524642944,
8.0,37.0,237.0,234.958,44.505271434783936,
8.0,38.0,237.0,235.4388,56.66080021858215,
8.0,39.0,237.0,235.8444,42.56330347061157,
8.0,40.0,237.0,236.2288,48.600658655166626,
,,,,,237.0
9.0,1.0,218.0,207.0626,3.3687517642974854,
9.0,2.0,218.0,210.492,6.51029372215271,
9.0,3.0,219.0,213.0686,10.539568424224854,
9.0,4.0,220.0,214.9572,6.183021068572998,
9.0,5.0,220.0,216.5376,7.732135772705078,
9.0,6.0,221.0,217.6786,8.770754337310791,
9.0,7.0,221.0,218.1122,9.045526266098022,
9.0,8.0,222.0,218.7576,9.814154148101807,
9.0,9.0,222.0,219.5068,10.7773916721344,
9.0,10.0,222.0,220.054,11.812214374542236,
9.0,11.0,223.0,220.6088,13.14790153503418,
9.0,12.0,223.0,220.9624,19.212881326675415,
9.0,13.0,223.0,221.4056,20.316973447799683,
9.0,14.0,224.0,221.7866,22.845709800720215,
9.0,15.0,224.0,222.0092,25.27488684654236,
9.0,16.0,225.0,222.4722,25.463575839996338,
9.0,17.0,225.0,222.8116,19.641002655029297,
9.0,18.0,225.0,223.0262,26.095001697540283,
9.0,19.0,226.0,223.503,21.984670639038086,
9.0,20.0,226.0,223.941,23.190569400787354,
9.0,21.0,226.0,224.3552,21.778058767318726,
9.0,22.0,226.0,224.7578,22.023000955581665,
9.0,23.0,226.0,224.8314,23.03300142288208,
9.0,24.0,227.0,225.1248,23.92805004119873,
9.0,25.0,227.0,225.635,24.14700150489807,
9.0,26.0,227.0,225.7608,26.36401128768921,
9.0,27.0,227.0,225.8636,26.13895082473755,
9.0,28.0,228.0,226.181,28.08555245399475,
9.0,29.0,228.0,226.6366,38.973140239715576,
9.0,30.0,228.0,226.7494,39.42016315460205,
9.0,31.0,229.0,226.8586,45.145482301712036,
9.0,32.0,229.0,227.1064,39.554160594940186,
9.0,33.0,229.0,227.6044,42.082881927490234,
9.0,34.0,229.0,227.7604,37.925973653793335,
9.0,35.0,229.0,227.8636,39.1933331489563,
9.0,36.0,229.0,228.1794,38.911325216293335,
9.0,37.0,230.0,228.6784,41.60574531555176,
9.0,38.0,231.0,228.7464,41.980225801467896,
9.0,39.0,231.0,228.749,42.84382438659668,
9.0,40.0,231.0,228.7708,44.39393877983093,
,,,,,231.0
10.0,1.0,216.0,206.9526,3.5676321983337402,
10.0,2.0,218.0,210.191,4.280088901519775,
10.0,3.0,218.0,212.7802,5.430530071258545,
10.0,4.0,219.0,214.5536,6.073492527008057,
10.0,5.0,219.0,215.5726,7.148919582366943,
10.0,6.0,220.0,216.4042,8.094971418380737,
10.0,7.0,221.0,217.412,9.19881272315979,
10.0,8.0,221.0,217.955,10.356812000274658,
10.0,9.0,221.0,218.3876,11.287260293960571,
10.0,10.0,222.0,219.0688,11.742792129516602,
10.0,11.0,223.0,219.76,13.205169439315796,
10.0,12.0,224.0,220.4084,14.295308351516724,
10.0,13.0,224.0,220.9032,15.607306241989136,
10.0,14.0,224.0,221.3582,16.26637291908264,
10.0,15.0,225.0,221.9664,17.520830869674683,
10.0,16.0,225.0,222.501,19.399516820907593,
10.0,17.0,227.0,223.0434,19.52668333053589,
10.0,18.0,227.0,223.6,20.866559982299805,
10.0,19.0,228.0,223.9718,20.978000164031982,
10.0,20.0,229.0,224.4798,22.87265181541443,
10.0,21.0,229.0,225.198,23.441381692886353,
10.0,22.0,229.0,226.1278,25.10596013069153,
10.0,23.0,229.0,226.8066,26.189459085464478,
10.0,24.0,231.0,227.1728,27.178148984909058,
10.0,25.0,231.0,227.9756,28.561251163482666,
10.0,26.0,231.0,228.686,28.771674871444702,
10.0,27.0,231.0,228.831,29.567312002182007,
10.0,28.0,232.0,229.1358,30.65853714942932,
10.0,29.0,232.0,230.0192,31.335198402404785,
10.0,30.0,232.0,230.7192,33.046836853027344,
10.0,31.0,232.0,230.8026,33.789978981018066,
10.0,32.0,232.0,230.9692,35.23905682563782,
10.0,33.0,232.0,231.486,38.05487036705017,
10.0,34.0,233.0,231.707,55.56839680671692,
10.0,35.0,233.0,231.717,75.99397468566895,
10.0,36.0,233.0,231.7514,59.11254262924194,
10.0,37.0,233.0,231.7562,56.116944313049316,
10.0,38.0,233.0,231.8956,58.87605595588684,
10.0,39.0,234.0,232.2938,69.9302773475647,
10.0,40.0,234.0,232.649,55.2179856300354,
,,,,,234.0
1.0,1.0,217.0,206.0152,6.842648506164551,
1.0,2.0,217.0,208.4442,9.702029705047607,
1.0,3.0,217.0,210.0998,13.168766975402832,
1.0,4.0,218.0,211.4284,10.645787715911865,
1.0,5.0,218.0,212.589,15.488683462142944,
1.0,6.0,219.0,213.7268,16.44247055053711,
1.0,7.0,220.0,214.886,17.491478443145752,
1.0,8.0,222.0,215.7956,83.14055848121643,
1.0,9.0,224.0,216.5198,11.663217067718506,
1.0,10.0,224.0,217.2414,8.257360219955444,
1.0,11.0,224.0,218.0774,9.793426275253296,
1.0,12.0,225.0,219.1026,10.095701694488525,
1.0,13.0,226.0,220.3734,9.980223417282104,
1.0,14.0,227.0,221.8332,10.882066011428833,
1.0,15.0,227.0,223.1812,11.849699258804321,
1.0,16.0,229.0,223.8076,12.506364583969116,
1.0,17.0,229.0,224.3192,13.067097187042236,
1.0,18.0,230.0,225.1502,13.533974647521973,
1.0,19.0,230.0,225.996,14.762149333953857,
1.0,20.0,231.0,226.8486,15.508915662765503,
1.0,21.0,232.0,227.8152,16.26232123374939,
1.0,22.0,233.0,228.6488,20.151811361312866,
1.0,23.0,233.0,229.2702,19.325947046279907,
1.0,24.0,233.0,229.9176,19.410351753234863,
1.0,25.0,235.0,230.598,19.775118589401245,
1.0,26.0,235.0,231.3282,20.909558057785034,
1.0,27.0,235.0,232.1678,20.938092470169067,
1.0,28.0,235.0,232.8412,21.197235584259033,
1.0,29.0,237.0,233.4734,23.378954648971558,
1.0,30.0,237.0,234.3992,26.615450620651245,
1.0,31.0,237.0,234.6906,27.52370023727417,
1.0,32.0,239.0,234.8924,29.55275869369507,
1.0,33.0,239.0,235.5194,30.824002027511597,
1.0,34.0,239.0,236.4528,32.26408910751343,
1.0,35.0,239.0,236.6134,34.510905742645264,
1.0,36.0,239.0,236.8,31.704394102096558,
1.0,37.0,239.0,237.3878,31.12558889389038,
1.0,38.0,239.0,238.3794,31.497758150100708,
1.0,39.0,239.0,238.6672,32.4805793762207,
1.0,40.0,239.0,238.6728,33.27200984954834,
,,,,,239.0
2.0,1.0,217.0,206.1072,2.968385934829712,
2.0,2.0,217.0,208.4746,3.3674960136413574,
2.0,3.0,218.0,210.3584,3.729377031326294,
2.0,4.0,219.0,211.8282,4.277791976928711,
2.0,5.0,221.0,213.186,5.248869895935059,
2.0,6.0,222.0,214.4544,6.4537553787231445,
2.0,7.0,222.0,215.5256,7.6081414222717285,
2.0,8.0,223.0,216.439,7.967313289642334,
2.0,9.0,224.0,217.4576,7.627763986587524,
2.0,10.0,224.0,218.5424,8.733741044998169,
2.0,11.0,225.0,219.6982,9.487236022949219,
2.0,12.0,227.0,220.8894,10.83182168006897,
2.0,13.0,227.0,221.998,11.77561068534851,
2.0,14.0,227.0,222.8488,12.690089225769043,
2.0,15.0,228.0,223.6814,14.845515727996826,
2.0,16.0,229.0,224.587,14.002902269363403,
2.0,17.0,229.0,225.2804,17.321290969848633,
2.0,18.0,230.0,226.1956,19.717835664749146,
2.0,19.0,230.0,226.9118,20.53518795967102,
2.0,20.0,231.0,227.5526,21.557802438735962,
2.0,21.0,232.0,228.2528,22.31866455078125,
2.0,22.0,233.0,228.8876,23.191672325134277,
2.0,23.0,234.0,229.5584,24.35558533668518,
2.0,24.0,235.0,230.4978,24.126572132110596,
2.0,25.0,235.0,231.3492,22.85371232032776,
2.0,26.0,235.0,232.0956,23.98799777030945,
2.0,27.0,235.0,232.951,26.86248755455017,
2.0,28.0,235.0,233.6808,27.82986044883728,
2.0,29.0,236.0,234.0404,27.53603506088257,
2.0,30.0,236.0,234.4914,27.7620952129364,
2.0,31.0,237.0,234.6926,28.65830159187317,
2.0,32.0,237.0,234.7948,30.00161337852478,
2.0,33.0,239.0,235.197,31.508026123046875,
2.0,34.0,239.0,235.6584,30.924304008483887,
2.0,35.0,239.0,235.9016,33.29450035095215,
2.0,36.0,239.0,236.349,32.923301458358765,
2.0,37.0,239.0,236.8632,26.48734736442566,
2.0,38.0,239.0,237.4748,25.841838359832764,
2.0,39.0,239.0,238.385,26.087095499038696,
2.0,40.0,239.0,238.6448,26.752113103866577,
,,,,,239.0
3.0,1.0,217.0,206.0838,1.8632843494415283,
3.0,2.0,217.0,208.6162,2.624101400375366,
3.0,3.0,218.0,210.5596,3.1843831539154053,
3.0,4.0,219.0,212.0962,3.818862199783325,
3.0,5.0,220.0,213.4896,4.403343200683594,
3.0,6.0,220.0,214.7116,5.073810577392578,
3.0,7.0,220.0,215.7598,5.643322467803955,
3.0,8.0,221.0,216.8086,6.355464458465576,
3.0,9.0,222.0,217.7102,7.000322341918945,
3.0,10.0,223.0,218.4622,8.678788423538208,
3.0,11.0,223.0,219.0608,8.51819372177124,
3.0,12.0,224.0,219.73,8.787637710571289,
3.0,13.0,224.0,220.4588,9.631072759628296,
3.0,14.0,225.0,221.159,10.07003378868103,
3.0,15.0,226.0,221.8902,10.629065990447998,
3.0,16.0,228.0,222.5674,11.515004396438599,
3.0,17.0,228.0,223.084,11.978116273880005,
3.0,18.0,228.0,223.6364,12.709437608718872,
3.0,19.0,229.0,224.2236,13.357563495635986,
3.0,20.0,229.0,224.941,16.351972341537476,
3.0,21.0,231.0,225.7702,16.746234893798828,
3.0,22.0,231.0,226.8452,17.682405948638916,
3.0,23.0,231.0,227.8138,18.056551456451416,
3.0,24.0,233.0,228.447,16.849704265594482,
3.0,25.0,233.0,229.2468,19.896034479141235,
3.0,26.0,233.0,230.2132,20.23597478866577,
3.0,27.0,234.0,230.7918,19.203343391418457,
3.0,28.0,234.0,231.3018,19.305813789367676,
3.0,29.0,235.0,232.0768,20.29903483390808,
3.0,30.0,235.0,232.6296,20.510452270507812,
3.0,31.0,236.0,232.8572,21.147380590438843,
3.0,32.0,236.0,233.383,22.676692962646484,
3.0,33.0,236.0,233.9114,22.616894721984863,
3.0,34.0,236.0,234.5218,23.122748374938965,
3.0,35.0,236.0,235.0198,24.46278476715088,
3.0,36.0,236.0,235.5416,24.97090435028076,
3.0,37.0,236.0,235.6794,24.962453365325928,
3.0,38.0,236.0,235.661,25.402136087417603,
3.0,39.0,236.0,235.699,26.405603647232056,
3.0,40.0,236.0,235.6714,26.821741342544556,
,,,,,236.0
4.0,1.0,216.0,206.0476,1.896679401397705,
4.0,2.0,217.0,208.4306,2.49210524559021,
4.0,3.0,217.0,210.0836,3.2175703048706055,
4.0,4.0,219.0,211.4706,3.806145668029785,
4.0,5.0,219.0,212.6794,4.351413726806641,
4.0,6.0,219.0,213.8196,5.019770860671997,
4.0,7.0,220.0,214.797,5.541356801986694,
4.0,8.0,222.0,215.6478,6.379300355911255,
4.0,9.0,222.0,216.5072,6.7367706298828125,
4.0,10.0,223.0,217.4702,7.432158470153809,
4.0,11.0,224.0,218.5114,8.18741250038147,
4.0,12.0,224.0,219.461,8.804301977157593,
4.0,13.0,224.0,220.261,9.298218011856079,
4.0,14.0,226.0,221.016,10.136237144470215,
4.0,15.0,226.0,221.7162,10.62557578086853,
4.0,16.0,227.0,222.4516,11.4358491897583,
4.0,17.0,228.0,222.9938,12.01674747467041,
4.0,18.0,228.0,223.5714,12.636888027191162,
4.0,19.0,229.0,224.1958,13.239967823028564,
4.0,20.0,230.0,224.9346,13.947603464126587,
4.0,21.0,230.0,225.7596,14.569838523864746,
4.0,22.0,230.0,226.4914,15.16874623298645,
4.0,23.0,231.0,227.2764,15.65756630897522,
4.0,24.0,232.0,228.0968,16.51313042640686,
4.0,25.0,232.0,228.949,17.149160861968994,
4.0,26.0,232.0,229.7062,17.54351258277893,
4.0,27.0,232.0,230.2356,18.283684968948364,
4.0,28.0,233.0,230.8718,19.185177087783813,
4.0,29.0,233.0,231.4148,19.407905340194702,
4.0,30.0,233.0,231.6764,20.2744038105011,
4.0,31.0,233.0,231.7584,20.769232273101807,
4.0,32.0,235.0,231.9596,23.2808895111084,
4.0,33.0,235.0,232.3762,22.11607050895691,
4.0,34.0,235.0,232.6512,23.18425416946411,
4.0,35.0,235.0,232.6996,25.980421781539917,
4.0,36.0,235.0,232.896,27.142441987991333,
4.0,37.0,236.0,233.4874,47159.85892009735,
4.0,38.0,236.0,234.3952,43.87566566467285,
4.0,39.0,236.0,234.7126,72.08055138587952,
4.0,40.0,236.0,234.7426,101599.92403316498,
,,,,,236.0
1.0,1.0,219.0,206.1454,2.7135212421417236,
1.0,2.0,219.0,208.702,3.7235465049743652,
1.0,3.0,221.0,210.7914,4.4342052936553955,
1.0,4.0,221.0,212.9006,5.253278970718384,
1.0,5.0,221.0,214.8614,5.982600450515747,
1.0,6.0,221.0,216.432,6.804258823394775,
1.0,7.0,222.0,217.6672,8.051778078079224,
1.0,8.0,223.0,218.7648,8.55925703048706,
1.0,9.0,224.0,219.8432,9.617376804351807,
1.0,10.0,224.0,220.6254,10.389306783676147,
1.0,11.0,225.0,221.172,11.449309349060059,
1.0,12.0,225.0,221.6222,12.201348304748535,
1.0,13.0,225.0,222.015,13.230848789215088,
1.0,14.0,225.0,222.5024,14.42751669883728,
1.0,15.0,226.0,223.0022,15.679883241653442,
1.0,16.0,226.0,223.7172,15.554507732391357,
1.0,17.0,227.0,224.439,16.542100429534912,
1.0,18.0,228.0,224.7708,17.027740478515625,
1.0,19.0,228.0,225.18,17.799601554870605,
1.0,20.0,229.0,225.5722,18.994061946868896,
1.0,21.0,229.0,225.8694,19.5841863155365,
1.0,22.0,230.0,226.4098,21.152918338775635,
1.0,23.0,230.0,227.24,21.466816902160645,
1.0,24.0,231.0,227.8874,1189.7520258426666,
1.0,25.0,231.0,228.567,28.06136202812195,
1.0,26.0,231.0,229.312,28.829118967056274,
1.0,27.0,233.0,229.7632,29.049267292022705,
1.0,28.0,233.0,230.0088,29.64080786705017,
1.0,29.0,233.0,230.5318,32.039612770080566,
1.0,30.0,235.0,230.713,32.20680117607117,
1.0,31.0,235.0,231.0354,32.82472038269043,
1.0,32.0,235.0,231.733,4102.108415603638,
1.0,33.0,235.0,232.4502,49.321115255355835,
1.0,34.0,235.0,232.7732,45.04469275474548,
1.0,35.0,236.0,233.3318,64.56926798820496,
1.0,36.0,236.0,234.3186,72.11235857009888,
1.0,37.0,236.0,234.6372,74.5420880317688,
1.0,38.0,236.0,234.6982,73.05587339401245,
1.0,39.0,236.0,234.7146,78.08245873451233,
1.0,40.0,236.0,234.8448,76.69123554229736,
,,,,,236.0
2.0,1.0,218.0,206.0694,7.012152671813965,
2.0,2.0,218.0,208.555,7.6172051429748535,
2.0,3.0,218.0,210.3162,8.682235479354858,
2.0,4.0,219.0,211.9464,12.99481201171875,
2.0,5.0,220.0,213.4778,12.441576480865479,
2.0,6.0,220.0,214.9598,15.936125040054321,
2.0,7.0,220.0,216.3466,15.39397406578064,
2.0,8.0,221.0,217.6038,18.185548305511475,
2.0,9.0,223.0,218.4628,19.683189153671265,
2.0,10.0,223.0,219.2448,23.22686529159546,
2.0,11.0,225.0,219.9436,23.530168533325195,
2.0,12.0,226.0,220.6886,27.451739072799683,
2.0,13.0,226.0,221.618,27.345242738723755,
2.0,14.0,227.0,222.6628,31.348902225494385,
2.0,15.0,227.0,223.39,34.07912063598633,
2.0,16.0,228.0,224.3302,33.00460433959961,
2.0,17.0,229.0,225.2982,34.70309066772461,
2.0,18.0,229.0,225.9642,37.27931261062622,
2.0,19.0,231.0,226.5228,40.57568025588989,
2.0,20.0,231.0,226.9248,38.06595516204834,
2.0,21.0,232.0,227.544,44.0469913482666,
2.0,22.0,232.0,228.389,41.20344519615173,
2.0,23.0,232.0,228.9456,48.13014006614685,
2.0,24.0,233.0,229.692,48.70811700820923,
2.0,25.0,233.0,230.7286,50.210978984832764,
2.0,26.0,234.0,231.3582,52.852548360824585,
2.0,27.0,234.0,231.7714,55.765053510665894,
2.0,28.0,234.0,232.057,56.132323265075684,
2.0,29.0,235.0,232.5142,58.605037212371826,
2.0,30.0,235.0,232.7874,61.9402129650116,
2.0,31.0,235.0,233.1468,60.39409613609314,
2.0,32.0,235.0,233.6982,64.2819128036499,
2.0,33.0,236.0,234.0742,64.79636907577515,
2.0,34.0,236.0,234.5928,67.88628149032593,
2.0,35.0,236.0,234.729,69.39072847366333,
2.0,36.0,237.0,234.7508,67.52226567268372,
2.0,37.0,237.0,234.9064,70.84502077102661,
2.0,38.0,237.0,235.3396,72.88031196594238,
2.0,39.0,238.0,235.7208,74.31512832641602,
2.0,40.0,238.0,235.936,80.28664588928223,
,,,,,238.0
3.0,1.0,220.0,206.1266,6.294893741607666,
3.0,2.0,220.0,208.4734,5.993669509887695,
3.0,3.0,220.0,210.3104,4.370172023773193,
3.0,4.0,221.0,211.941,4.150874137878418,
3.0,5.0,221.0,213.7984,4.784356117248535,
3.0,6.0,222.0,216.212,5.584347724914551,
3.0,7.0,222.0,218.4714,6.342114686965942,
3.0,8.0,222.0,219.788,6.824931859970093,
3.0,9.0,224.0,220.4308,7.5625433921813965,
3.0,10.0,224.0,220.9956,8.314867973327637,
3.0,11.0,225.0,221.4888,8.87291431427002,
3.0,12.0,225.0,221.8302,9.81413459777832,
3.0,13.0,226.0,222.2598,10.59628176689148,
3.0,14.0,227.0,222.9054,11.05321478843689,
3.0,15.0,227.0,223.4874,12.269101619720459,
3.0,16.0,228.0,224.0596,12.846524715423584,
3.0,17.0,229.0,224.6694,14.212509155273438,
3.0,18.0,229.0,225.4032,15.113467454910278,
3.0,19.0,231.0,226.183,16.098447561264038,
3.0,20.0,231.0,226.9656,17.231816291809082,
3.0,21.0,233.0,227.7116,18.384438037872314,
3.0,22.0,233.0,228.487,18.827945709228516,
3.0,23.0,233.0,229.2508,19.897884607315063,
3.0,24.0,234.0,230.0794,21.050100803375244,
3.0,25.0,235.0,230.8596,21.935487270355225,
3.0,26.0,235.0,231.6092,23.578190326690674,
3.0,27.0,237.0,232.5422,24.6077778339386,
3.0,28.0,237.0,233.1138,25.982548236846924,
3.0,29.0,237.0,233.7424,28.048885822296143,
3.0,30.0,239.0,234.4982,28.3834011554718,
3.0,31.0,239.0,235.5644,29.72114109992981,
3.0,32.0,239.0,236.4922,31.151992082595825,
3.0,33.0,239.0,236.737,33.186028718948364,
3.0,34.0,239.0,237.0142,32.285319566726685,
3.0,35.0,239.0,237.863,41.21586275100708,
3.0,36.0,239.0,238.6272,42.390135288238525,
3.0,37.0,239.0,238.6588,35.54970192909241,
3.0,38.0,239.0,238.6674,36.754204750061035,
3.0,39.0,239.0,238.6618,37.28003978729248,
3.0,40.0,239.0,238.666,38.825101137161255,
,,,,,239.0
4.0,1.0,217.0,206.154,2.6271989345550537,
4.0,2.0,218.0,208.6238,3.4384899139404297,
4.0,3.0,218.0,210.4354,4.2102861404418945,
4.0,4.0,218.0,211.945,5.152703046798706,
4.0,5.0,219.0,213.2552,6.7382330894470215,
4.0,6.0,220.0,214.478,6.788921356201172,
4.0,7.0,221.0,215.6688,7.481773614883423,
4.0,8.0,222.0,216.7446,8.938930749893188,
4.0,9.0,223.0,217.7426,9.212687969207764,
4.0,10.0,223.0,218.6532,9.79711627960205,
4.0,11.0,225.0,219.5072,12.065675973892212,
4.0,12.0,226.0,220.3496,11.69210171699524,
4.0,13.0,226.0,221.2218,13.206218004226685,
4.0,14.0,227.0,221.962,14.01589035987854,
4.0,15.0,228.0,222.8186,14.213057518005371,
4.0,16.0,228.0,223.9562,20.216317892074585,
4.0,17.0,229.0,224.938,17.13675022125244,
4.0,18.0,229.0,225.6808,16.791755199432373,
4.0,19.0,230.0,226.4482,18.479283094406128,
4.0,20.0,230.0,227.47,19.159772634506226,
4.0,21.0,230.0,228.1902,19.960686445236206,
4.0,22.0,231.0,228.7364,20.734244346618652,
4.0,23.0,232.0,229.056,21.033414840698242,
4.0,24.0,232.0,229.5788,21.835389614105225,
4.0,25.0,232.0,229.738,25.603769063949585,
4.0,26.0,233.0,229.9766,24.10308051109314,
4.0,27.0,233.0,230.437,25.091179132461548,
4.0,28.0,233.0,230.7792,26.32758903503418,
4.0,29.0,233.0,231.19,27.05821418762207,
4.0,30.0,234.0,232.0158,27.556214809417725,
4.0,31.0,234.0,232.6278,27.69922137260437,
4.0,32.0,234.0,232.7048,34.220412492752075,
4.0,33.0,234.0,232.7186,37.35181736946106,
4.0,34.0,234.0,232.7774,37.97548270225525,
4.0,35.0,235.0,232.8688,35.81126379966736,
4.0,36.0,235.0,233.3024,36.30354642868042,
4.0,37.0,235.0,233.6648,44.133203744888306,
4.0,38.0,235.0,233.7354,41.05194091796875,
4.0,39.0,235.0,233.7698,38.716070890426636,
4.0,40.0,235.0,234.0046,34.57554388046265,
,,,,,235.0
5.0,1.0,218.0,206.1082,2.345303773880005,
5.0,2.0,219.0,208.6882,3.079803466796875,
5.0,3.0,219.0,210.523,4.318336248397827,
5.0,4.0,220.0,212.1508,4.911597967147827,
5.0,5.0,222.0,213.8594,5.439224720001221,
5.0,6.0,222.0,215.7652,6.5250022411346436,
5.0,7.0,223.0,217.5184,7.422092914581299,
5.0,8.0,223.0,218.724,7.705354928970337,
5.0,9.0,224.0,219.6934,8.15356731414795,
5.0,10.0,224.0,220.7182,9.787647008895874,
5.0,11.0,226.0,221.6788,10.213213682174683,
5.0,12.0,226.0,222.1704,12.703970193862915,
5.0,13.0,226.0,222.9486,12.924377679824829,
5.0,14.0,228.0,223.6816,14.339206218719482,
5.0,15.0,229.0,224.3082,15.006855487823486,
5.0,16.0,229.0,225.1614,15.587951898574829,
5.0,17.0,229.0,225.8222,15.743825435638428,
5.0,18.0,230.0,226.4942,16.793195486068726,
5.0,19.0,231.0,227.4566,18.388023138046265,
5.0,20.0,231.0,228.456,23.86865496635437,
5.0,21.0,231.0,228.86,20.10423469543457,
5.0,22.0,232.0,229.2774,27.248706340789795,
5.0,23.0,232.0,229.8522,35.66314196586609,
5.0,24.0,233.0,230.457,32.72915768623352,
5.0,25.0,233.0,230.8202,24.09598207473755,
5.0,26.0,233.0,231.1464,24.40431785583496,
5.0,27.0,234.0,231.5922,25.278789281845093,
5.0,28.0,234.0,231.7914,26.144481420516968,
5.0,29.0,235.0,232.1628,27.4000825881958,
5.0,30.0,235.0,232.5622,27.73773694038391,
5.0,31.0,235.0,232.9008,40.08544945716858,
5.0,32.0,236.0,233.4324,38.88002371788025,
5.0,33.0,236.0,233.7482,30.49115252494812,
5.0,34.0,236.0,234.215,32.46792817115784,
5.0,35.0,237.0,234.6378,32.751731395721436,
5.0,36.0,237.0,234.7922,33.78304839134216,
5.0,37.0,237.0,235.0548,35.17584705352783,
5.0,38.0,237.0,235.5202,33.56894898414612,
5.0,39.0,237.0,235.6812,33.013155937194824,
5.0,40.0,238.0,235.9524,33.72761917114258,
,,,,,238.0
6.0,1.0,217.0,205.936,2.303783416748047,
6.0,2.0,218.0,208.4214,3.128441095352173,
6.0,3.0,219.0,210.149,4.549168825149536,
6.0,4.0,219.0,211.6736,4.7848687171936035,
6.0,5.0,219.0,213.292,5.920306921005249,
6.0,6.0,220.0,214.6688,6.214979887008667,
6.0,7.0,221.0,215.8776,7.491790533065796,
6.0,8.0,221.0,216.7808,7.651155710220337,
6.0,9.0,223.0,217.4874,8.248816013336182,
6.0,10.0,224.0,218.0486,9.91192078590393,
6.0,11.0,224.0,218.6116,10.042972803115845,
6.0,12.0,225.0,219.4376,11.480235815048218,
6.0,13.0,226.0,220.607,11.727944612503052,
6.0,14.0,227.0,221.7262,12.947821855545044,
6.0,15.0,229.0,222.8458,13.104999542236328,
6.0,16.0,229.0,223.878,14.764060974121094,
6.0,17.0,229.0,224.7924,15.177601099014282,
6.0,18.0,230.0,225.829,16.251892566680908,
6.0,19.0,231.0,226.6984,17.330857753753662,
6.0,20.0,231.0,227.5772,17.55788230895996,
6.0,21.0,233.0,228.2894,17.272856950759888,
6.0,22.0,233.0,228.8178,18.983269929885864,
6.0,23.0,233.0,229.405,20.521324634552002,
6.0,24.0,233.0,230.2668,20.358738899230957,
6.0,25.0,233.0,231.141,20.759150743484497,
6.0,26.0,233.0,232.0298,21.968737840652466,
6.0,27.0,233.0,232.6656,23.710265159606934,
6.0,28.0,233.0,232.7,24.70040774345398,
6.0,29.0,233.0,232.698,24.03545880317688,
6.0,30.0,233.0,232.723,24.918389797210693,
6.0,31.0,233.0,232.7204,25.448819160461426,
6.0,32.0,233.0,232.6952,25.894126892089844,
6.0,33.0,233.0,232.7192,26.16070556640625,
6.0,34.0,233.0,232.6792,26.91412353515625,
6.0,35.0,233.0,232.7554,27.40032410621643,
6.0,36.0,233.0,232.7364,29.560469150543213,
6.0,37.0,233.0,232.7022,28.635570526123047,
6.0,38.0,233.0,232.686,25.489543914794922,
6.0,39.0,233.0,232.7286,25.769956588745117,
6.0,40.0,233.0,232.7236,25.90737271308899,
,,,,,233.0
7.0,1.0,219.0,206.0438,1.840510606765747,
7.0,2.0,220.0,208.5132,2.6216979026794434,
7.0,3.0,220.0,210.5118,3.0594899654388428,
7.0,4.0,223.0,212.337,3.715756893157959,
7.0,5.0,223.0,214.0174,4.291927814483643,
7.0,6.0,223.0,215.8842,4.872445344924927,
7.0,7.0,224.0,217.8576,5.381450653076172,
7.0,8.0,225.0,219.4968,6.1927831172943115,
7.0,9.0,226.0,220.8822,6.67287278175354,
7.0,10.0,227.0,222.273,7.235051870346069,
7.0,11.0,228.0,222.9816,7.961059093475342,
7.0,12.0,229.0,223.7654,8.495362043380737,
7.0,13.0,229.0,224.8404,9.062127590179443,
7.0,14.0,229.0,225.7292,9.843393564224243,
7.0,15.0,231.0,226.5068,10.33558440208435,
7.0,16.0,231.0,227.5366,11.301256656646729,
7.0,17.0,231.0,228.2852,11.593548774719238,
7.0,18.0,231.0,228.9206,12.309563875198364,
7.0,19.0,231.0,229.6548,12.739175081253052,
7.0,20.0,231.0,230.5734,14.567245244979858,
7.0,21.0,232.0,230.6972,17.291935205459595,
7.0,22.0,232.0,230.7306,17.438706874847412,
7.0,23.0,232.0,230.7024,17.61642837524414,
7.0,24.0,232.0,230.7236,18.401428699493408,
7.0,25.0,233.0,230.74,19.184507369995117,
7.0,26.0,233.0,230.8392,19.45588517189026,
7.0,27.0,234.0,231.1964,20.608489513397217,
7.0,28.0,234.0,231.6706,21.67194676399231,
7.0,29.0,234.0,231.7872,21.920022010803223,
7.0,30.0,234.0,231.9952,23.269862174987793,
7.0,31.0,234.0,232.5084,24.451542615890503,
7.0,32.0,234.0,232.9388,25.21800446510315,
7.0,33.0,235.0,233.3644,25.751616716384888,
7.0,34.0,235.0,233.7138,26.964641332626343,
7.0,35.0,235.0,233.723,28.425291299819946,
7.0,36.0,235.0,233.756,28.83328866958618,
7.0,37.0,236.0,233.9096,112.29241633415222,
7.0,38.0,236.0,234.342,73.0042359828949,
7.0,39.0,236.0,234.6848,65.5283534526825,
7.0,40.0,236.0,234.6934,70.60878038406372,
,,,,,236.0
8.0,1.0,218.0,206.0864,4.363872528076172,
8.0,2.0,218.0,208.541,6.2108213901519775,
8.0,3.0,218.0,210.544,8.186794519424438,
8.0,4.0,220.0,212.25,8.629346132278442,
8.0,5.0,220.0,213.6668,4.442382335662842,
8.0,6.0,220.0,214.8136,4.906972169876099,
8.0,7.0,221.0,215.8032,5.5352559089660645,
8.0,8.0,221.0,216.7226,6.216347694396973,
8.0,9.0,222.0,217.7116,6.895875930786133,
8.0,10.0,223.0,218.8256,7.5642969608306885,
8.0,11.0,223.0,219.7026,8.207470893859863,
8.0,12.0,224.0,220.4058,8.982970237731934,
8.0,13.0,225.0,221.0914,9.570536375045776,
8.0,14.0,226.0,221.7588,10.26881456375122,
8.0,15.0,226.0,222.3268,10.689751386642456,
8.0,16.0,228.0,222.8808,11.192004442214966,
8.0,17.0,228.0,223.4668,12.152798414230347,
8.0,18.0,229.0,224.0866,12.982982158660889,
8.0,19.0,230.0,224.693,13.383568286895752,
8.0,20.0,230.0,225.2364,14.46310544013977,
8.0,21.0,230.0,225.741,14.997545003890991,
8.0,22.0,231.0,226.5424,15.991567850112915,
8.0,23.0,232.0,227.8406,16.54331922531128,
8.0,24.0,232.0,228.6198,17.03220224380493,
8.0,25.0,232.0,229.1768,17.78600764274597,
8.0,26.0,232.0,229.7488,21.515992879867554,
8.0,27.0,234.0,230.235,19.6190447807312,
8.0,28.0,235.0,230.9576,19.19832420349121,
8.0,29.0,236.0,231.53,19.98010230064392,
8.0,30.0,236.0,231.8998,20.370410442352295,
8.0,31.0,236.0,232.5922,20.840553045272827,
8.0,32.0,237.0,233.43,21.28837275505066,
8.0,33.0,237.0,234.0576,21.488224744796753,
8.0,34.0,238.0,234.8798,22.313006162643433,
8.0,35.0,238.0,235.5574,22.92808222770691,
8.0,36.0,238.0,235.7242,23.886269092559814,
8.0,37.0,238.0,235.9506,24.54067301750183,
8.0,38.0,238.0,236.4658,24.720115661621094,
8.0,39.0,238.0,237.0674,25.381484746932983,
8.0,40.0,239.0,237.5778,26.28199291229248,
,,,,,239.0
9.0,1.0,217.0,206.0146,1.8624210357666016,
9.0,2.0,218.0,208.4668,2.451688051223755,
9.0,3.0,218.0,210.4398,3.041080951690674,
9.0,4.0,218.0,211.9014,3.586780548095703,
9.0,5.0,219.0,212.977,4.385628700256348,
9.0,6.0,220.0,213.972,4.640450716018677,
9.0,7.0,220.0,215.1748,5.334069490432739,
9.0,8.0,222.0,216.3876,5.585800647735596,
9.0,9.0,222.0,217.1656,6.225633859634399,
9.0,10.0,222.0,217.69,6.919620513916016,
9.0,11.0,223.0,218.0638,7.544924020767212,
9.0,12.0,223.0,218.6046,8.219170570373535,
9.0,13.0,224.0,219.2384,8.781540870666504,
9.0,14.0,226.0,220.2482,9.190523862838745,
9.0,15.0,226.0,221.5138,9.743096351623535,
9.0,16.0,228.0,222.4536,10.163737058639526,
9.0,17.0,229.0,223.3724,10.815664291381836,
9.0,18.0,229.0,224.433,11.311185359954834,
9.0,19.0,229.0,225.2884,11.93639874458313,
9.0,20.0,230.0,226.0246,12.328759908676147,
9.0,21.0,232.0,226.938,13.236972570419312,
9.0,22.0,232.0,228.1832,13.296988010406494,
9.0,23.0,232.0,228.832,14.325870513916016,
9.0,24.0,233.0,229.1474,14.813366174697876,
9.0,25.0,233.0,229.8166,15.6213219165802,
9.0,26.0,233.0,230.6932,16.20802617073059,
9.0,27.0,234.0,231.501,16.947761058807373,
9.0,28.0,234.0,231.8474,17.700987577438354,
9.0,29.0,237.0,232.2806,26.165828227996826,
9.0,30.0,237.0,232.7246,46.61012935638428,
9.0,31.0,237.0,232.953,19.85335946083069,
9.0,32.0,237.0,233.4976,20.733821392059326,
9.0,33.0,237.0,233.816,21.69851303100586,
9.0,34.0,237.0,234.3074,23.102806091308594,
9.0,35.0,238.0,235.5226,23.29353952407837,
9.0,36.0,238.0,236.551,24.15037250518799,
9.0,37.0,238.0,236.643,25.236935138702393,
9.0,38.0,238.0,236.7172,26.172083616256714,
9.0,39.0,238.0,237.081,27.598555326461792,
9.0,40.0,238.0,237.5968,27.44933032989502,
,,,,,238.0
10.0,1.0,217.0,206.0542,1.9527852535247803,
10.0,2.0,218.0,208.5886,2.72049617767334,
10.0,3.0,218.0,210.5234,3.3291544914245605,
10.0,4.0,218.0,211.9548,3.9719419479370117,
10.0,5.0,220.0,213.12,4.758168697357178,
10.0,6.0,220.0,214.3536,5.293576002120972,
10.0,7.0,220.0,215.6938,5.867015361785889,
10.0,8.0,221.0,217.0296,6.5336291790008545,
10.0,9.0,223.0,218.0184,7.324469089508057,
10.0,10.0,223.0,218.9512,7.887527942657471,
10.0,11.0,224.0,219.718,8.575257539749146,
10.0,12.0,225.0,220.3882,9.579891204833984,
10.0,13.0,225.0,221.2248,10.003021240234375,
10.0,14.0,225.0,221.813,10.716168642044067,
10.0,15.0,227.0,222.4278,11.032047986984253,
10.0,16.0,227.0,223.2556,12.173113346099854,
10.0,17.0,227.0,224.0416,12.670919418334961,
10.0,18.0,228.0,224.6864,13.406492710113525,
10.0,19.0,229.0,225.3492,14.060360431671143,
10.0,20.0,229.0,226.1846,14.670838832855225,
10.0,21.0,229.0,226.7984,15.348819971084595,
10.0,22.0,230.0,227.2192,16.137101888656616,
10.0,23.0,230.0,227.7668,16.769286394119263,
10.0,24.0,231.0,228.2608,17.298931121826172,
10.0,25.0,232.0,228.7188,18.27870750427246,
10.0,26.0,232.0,229.1116,18.887430667877197,
10.0,27.0,232.0,229.6052,19.515518188476562,
10.0,28.0,233.0,229.9042,20.49762463569641,
10.0,29.0,233.0,230.479,20.927914142608643,
10.0,30.0,233.0,230.987,21.826879262924194,
10.0,31.0,233.0,231.5438,22.19002676010132,
10.0,32.0,234.0,231.9412,23.35542893409729,
10.0,33.0,234.0,232.4424,23.603188514709473,
10.0,34.0,234.0,232.684,24.7134792804718,
10.0,35.0,234.0,232.7576,25.615597009658813,
10.0,36.0,235.0,232.9454,26.181380033493042,
10.0,37.0,235.0,233.3934,26.59608554840088,
10.0,38.0,235.0,233.6948,27.429911375045776,
10.0,39.0,235.0,233.7202,28.289466619491577,
10.0,40.0,236.0,233.8374,28.626888275146484,
,,,,,236.0
